project,wave,dictionary_version,source_field,raw_code,source_label,canonical_value,publication_label,display_order,missing_semantics,rule_version
ACE,3,2026-09-21,sex,1,Male,MALE,Male,1,blank = missing/unavailable,ACE-W3-2026-09-21-v1
ACE,3,2026-09-21,sex,2,Female,FEMALE,Female,2,blank = missing/unavailable,ACE-W3-2026-09-21-v1
ACE,3,2026-09-21,sex,3,Another sex,ANOTHER_SEX,Another sex,3,blank = missing/unavailable,ACE-W3-2026-09-21-v1
ACE,3,2026-09-21,site,1,GMU,GMU,GMU,1,blank = missing/unavailable,ACE-W3-2026-09-21-v1
ACE,3,2026-09-21,site,2,Children's National,CHILDREN_S_NATIONAL,Children's National,2,blank = missing/unavailable,ACE-W3-2026-09-21-v1
ACE,3,2026-09-21,site,3,UCLA,UCLA,UCLA,3,blank = missing/unavailable,ACE-W3-2026-09-21-v1
ACE,3,2026-09-21,site,4,Yale,YALE,Yale,4,blank = missing/unavailable,ACE-W3-2026-09-21-v1
ACE,3,2026-09-21,site,5,UVA,UVA,UVA,5,blank = missing/unavailable,ACE-W3-2026-09-21-v1
ACE,3,2026-09-21,group,1,ASD group,ASD_GROUP,ASD group,1,blank = missing/unavailable,ACE-W3-2026-09-21-v1
ACE,3,2026-09-21,group,2,Unaffected Sibling,UNAFFECTED_SIBLING,Unaffected sibling,2,blank = missing/unavailable,ACE-W3-2026-09-21-v1
ACE,3,2026-09-21,group,3,Control,CONTROL,Control,3,blank = missing/unavailable,ACE-W3-2026-09-21-v1
ACE,3,2026-09-21,asd_group,1,ACE Clinic,ACE_CLINIC,ACE Clinic,1,blank = missing/unavailable,ACE-W3-2026-09-21-v1
ACE,3,2026-09-21,asd_group,2,Community Dx,COMMUNITY_DX,Community Dx,2,blank = missing/unavailable,ACE-W3-2026-09-21-v1
ACE,3,2026-09-21,asd_group,3,New Diagnostic,NEW_DIAGNOSTIC,New Diagnostic,3,blank = missing/unavailable,ACE-W3-2026-09-21-v1
ACE,3,2026-09-21,asd_group,4,Returning,RETURNING,Returning,4,blank = missing/unavailable,ACE-W3-2026-09-21-v1
ACE,3,2026-09-21,ace_demo_13,1,"American Indian, Native American, Indigenous, First Nation, or Alaska Native",AMERICAN_INDIAN_ALASKA_NATIVE,American Indian / Alaska Native,1,blank = missing/unavailable,ACE-W3-2026-09-21-v1
ACE,3,2026-09-21,ace_demo_13,2,Asian,ASIAN,Asian,2,blank = missing/unavailable,ACE-W3-2026-09-21-v1
ACE,3,2026-09-21,ace_demo_13,3,Native Hawaiian or Other Pacific Islander,NATIVE_HAWAIIAN_PACIFIC_ISLANDER,Native Hawaiian / Pacific Islander,3,blank = missing/unavailable,ACE-W3-2026-09-21-v1
ACE,3,2026-09-21,ace_demo_13,4,"Black, African American, Afro-Caribbean, or African",BLACK_AFRICAN_AMERICAN,Black / African American,4,blank = missing/unavailable,ACE-W3-2026-09-21-v1
ACE,3,2026-09-21,ace_demo_13,5,White/Caucasian,WHITE_CAUCASIAN,White / Caucasian,5,blank = missing/unavailable,ACE-W3-2026-09-21-v1
ACE,3,2026-09-21,ace_demo_13,6,More Than One Race,MORE_THAN_ONE_RACE,More than one race,6,blank = missing/unavailable,ACE-W3-2026-09-21-v1
ACE,3,2026-09-21,ace_demo_informant_11,1,"American Indian, Native American, Indigenous, First Nation, or Alaska Native",AMERICAN_INDIAN_ALASKA_NATIVE,American Indian / Alaska Native,1,blank = missing/unavailable,ACE-W3-2026-09-21-v1
ACE,3,2026-09-21,ace_demo_informant_11,2,Asian,ASIAN,Asian,2,blank = missing/unavailable,ACE-W3-2026-09-21-v1
ACE,3,2026-09-21,ace_demo_informant_11,3,Native Hawaiian or Other Pacific Islander,NATIVE_HAWAIIAN_PACIFIC_ISLANDER,Native Hawaiian / Pacific Islander,3,blank = missing/unavailable,ACE-W3-2026-09-21-v1
ACE,3,2026-09-21,ace_demo_informant_11,4,"Black, African American, Afro-Caribbean, or African",BLACK_AFRICAN_AMERICAN,Black / African American,4,blank = missing/unavailable,ACE-W3-2026-09-21-v1
ACE,3,2026-09-21,ace_demo_informant_11,5,White/Caucasian,WHITE_CAUCASIAN,White / Caucasian,5,blank = missing/unavailable,ACE-W3-2026-09-21-v1
ACE,3,2026-09-21,ace_demo_informant_11,6,More Than One Race,MORE_THAN_ONE_RACE,More than one race,6,blank = missing/unavailable,ACE-W3-2026-09-21-v1
ACE,3,2026-09-21,ace_demo_12,1,Yes,YES,Yes,1,blank = missing/unavailable,ACE-W3-2026-09-21-v1
ACE,3,2026-09-21,ace_demo_12,0,No,NO,No,2,blank = missing/unavailable,ACE-W3-2026-09-21-v1
ACE,3,2026-09-21,ace_demo_informant_10,1,Yes,YES,Yes,1,blank = missing/unavailable,ACE-W3-2026-09-21-v1
ACE,3,2026-09-21,ace_demo_informant_10,0,No,NO,No,2,blank = missing/unavailable,ACE-W3-2026-09-21-v1
ACE,3,2026-09-21,ace_demo_17,1,Did not attend high school,DID_NOT_ATTEND_HIGH_SCHOOL,Did not attend high school,1,blank = missing/unavailable,ACE-W3-2026-09-21-v1
ACE,3,2026-09-21,ace_demo_17,2,Completed some high school but did not graduate,SOME_HIGH_SCHOOL_NO_DIPLOMA,Some high school; no diploma,2,blank = missing/unavailable,ACE-W3-2026-09-21-v1
ACE,3,2026-09-21,ace_demo_17,3,High school degree or GED,HIGH_SCHOOL_DEGREE_OR_GED,High school degree or GED,3,blank = missing/unavailable,ACE-W3-2026-09-21-v1
ACE,3,2026-09-21,ace_demo_17,4,Vocational/Technical school,VOCATIONAL_TECHNICAL_SCHOOL,Vocational/technical school,4,blank = missing/unavailable,ACE-W3-2026-09-21-v1
ACE,3,2026-09-21,ace_demo_17,8,Some college but did not graduate,SOME_COLLEGE_NO_DEGREE,Some college; no degree,5,blank = missing/unavailable,ACE-W3-2026-09-21-v1
ACE,3,2026-09-21,ace_demo_17,9,Completed an Associate's Degree,ASSOCIATE_S_DEGREE,Associate's degree,6,blank = missing/unavailable,ACE-W3-2026-09-21-v1
ACE,3,2026-09-21,ace_demo_17,10,Completed a Bachelor's degree,BACHELOR_S_DEGREE,Bachelor's degree,7,blank = missing/unavailable,ACE-W3-2026-09-21-v1
ACE,3,2026-09-21,ace_demo_17,11,"Completed an advanced degree (Master's Degree and/or a beyond a Master's degree (e.g., JD, PhD, MD)).",ADVANCED_DEGREE,Advanced degree,8,blank = missing/unavailable,ACE-W3-2026-09-21-v1
ACE,3,2026-09-21,ace_demo_17,13,I don't know,DON_T_KNOW,Don't know,9,blank = missing/unavailable,ACE-W3-2026-09-21-v1
ACE,3,2026-09-21,ace_demo_informant_13a,1,5th grade,5TH_GRADE,5th grade,1,blank = missing/unavailable,ACE-W3-2026-09-21-v1
ACE,3,2026-09-21,ace_demo_informant_13a,2,6th grade,6TH_GRADE,6th grade,2,blank = missing/unavailable,ACE-W3-2026-09-21-v1
ACE,3,2026-09-21,ace_demo_informant_13a,3,7th grade,7TH_GRADE,7th grade,3,blank = missing/unavailable,ACE-W3-2026-09-21-v1
ACE,3,2026-09-21,ace_demo_informant_13a,4,8th grade,8TH_GRADE,8th grade,4,blank = missing/unavailable,ACE-W3-2026-09-21-v1
ACE,3,2026-09-21,ace_demo_informant_13a,5,9th grade,9TH_GRADE,9th grade,5,blank = missing/unavailable,ACE-W3-2026-09-21-v1
ACE,3,2026-09-21,ace_demo_informant_13a,6,10th grade,10TH_GRADE,10th grade,6,blank = missing/unavailable,ACE-W3-2026-09-21-v1
ACE,3,2026-09-21,ace_demo_informant_13a,7,11th grade,11TH_GRADE,11th grade,7,blank = missing/unavailable,ACE-W3-2026-09-21-v1
ACE,3,2026-09-21,ace_demo_informant_13a,8,12th grade,12TH_GRADE,12th grade,8,blank = missing/unavailable,ACE-W3-2026-09-21-v1
ACE,3,2026-09-21,ace_demo_informant_13a,9,College,COLLEGE,College,9,blank = missing/unavailable,ACE-W3-2026-09-21-v1
ACE,3,2026-09-21,ace_demo_informant_13a,10,Vocational/Technical school,VOCATIONAL_TECHNICAL_SCHOOL,Vocational/technical school,10,blank = missing/unavailable,ACE-W3-2026-09-21-v1
ACE,3,2026-09-21,ace_demo_26a,1,"Under $1,000",UNDER_1_000,"Under $1,000",1,blank = missing/unavailable,ACE-W3-2026-09-21-v1
ACE,3,2026-09-21,ace_demo_26a,2,"$1,000 to $2,999",1_000_TO_2_999,"$1,000 to $2,999",2,blank = missing/unavailable,ACE-W3-2026-09-21-v1
ACE,3,2026-09-21,ace_demo_26a,3,"$3,000 to $3,999",3_000_TO_3_999,"$3,000 to $3,999",3,blank = missing/unavailable,ACE-W3-2026-09-21-v1
ACE,3,2026-09-21,ace_demo_26a,4,"$4,000 to $4,999",4_000_TO_4_999,"$4,000 to $4,999",4,blank = missing/unavailable,ACE-W3-2026-09-21-v1
ACE,3,2026-09-21,ace_demo_26a,5,"$5,000 to $5,999",5_000_TO_5_999,"$5,000 to $5,999",5,blank = missing/unavailable,ACE-W3-2026-09-21-v1
ACE,3,2026-09-21,ace_demo_26a,6,"$6,000 to $6,999",6_000_TO_6_999,"$6,000 to $6,999",6,blank = missing/unavailable,ACE-W3-2026-09-21-v1
ACE,3,2026-09-21,ace_demo_26a,7,"$7,000 to $7,999",7_000_TO_7_999,"$7,000 to $7,999",7,blank = missing/unavailable,ACE-W3-2026-09-21-v1
ACE,3,2026-09-21,ace_demo_26a,8,"$8,000 to $8,999",8_000_TO_8_999,"$8,000 to $8,999",8,blank = missing/unavailable,ACE-W3-2026-09-21-v1
ACE,3,2026-09-21,ace_demo_26a,9,"$9,000 to $9,999",9_000_TO_9_999,"$9,000 to $9,999",9,blank = missing/unavailable,ACE-W3-2026-09-21-v1
ACE,3,2026-09-21,ace_demo_26a,10,"$10,000 to $12,499",10_000_TO_12_499,"$10,000 to $12,499",10,blank = missing/unavailable,ACE-W3-2026-09-21-v1
ACE,3,2026-09-21,ace_demo_26a,11,"$12,500 to $14,999",12_500_TO_14_999,"$12,500 to $14,999",11,blank = missing/unavailable,ACE-W3-2026-09-21-v1
ACE,3,2026-09-21,ace_demo_26a,12,"$15,000 to $17,499",15_000_TO_17_499,"$15,000 to $17,499",12,blank = missing/unavailable,ACE-W3-2026-09-21-v1
ACE,3,2026-09-21,ace_demo_26a,13,"$17,500 to $19,999",17_500_TO_19_999,"$17,500 to $19,999",13,blank = missing/unavailable,ACE-W3-2026-09-21-v1
ACE,3,2026-09-21,ace_demo_26a,14,"$20,000 to $24,999",20_000_TO_24_999,"$20,000 to $24,999",14,blank = missing/unavailable,ACE-W3-2026-09-21-v1
ACE,3,2026-09-21,ace_demo_26a,15,"$25,000 to $49,999",25_000_TO_49_999,"$25,000 to $49,999",15,blank = missing/unavailable,ACE-W3-2026-09-21-v1
ACE,3,2026-09-21,ace_demo_26a,16,"$50,000 to $74,999",50_000_TO_74_999,"$50,000 to $74,999",16,blank = missing/unavailable,ACE-W3-2026-09-21-v1
ACE,3,2026-09-21,ace_demo_26a,17,"$74,999 to $99,999",74_999_TO_99_999,"$74,999 to $99,999",17,blank = missing/unavailable,ACE-W3-2026-09-21-v1
ACE,3,2026-09-21,ace_demo_26a,18,"$100,000 to $149,999",100_000_TO_149_999,"$100,000 to $149,999",18,blank = missing/unavailable,ACE-W3-2026-09-21-v1
ACE,3,2026-09-21,ace_demo_26a,19,"$150,000 to $249,999",150_000_TO_249_999,"$150,000 to $249,999",19,blank = missing/unavailable,ACE-W3-2026-09-21-v1
ACE,3,2026-09-21,ace_demo_26a,20,"$250,000 to $499,999",250_000_TO_499_999,"$250,000 to $499,999",20,blank = missing/unavailable,ACE-W3-2026-09-21-v1
ACE,3,2026-09-21,ace_demo_26a,21,"$500,000 to $999,999",500_000_TO_999_999,"$500,000 to $999,999",21,blank = missing/unavailable,ACE-W3-2026-09-21-v1
ACE,3,2026-09-21,ace_demo_26a,22,"$1,000,000 or more",1_000_000_OR_MORE,"$1,000,000 or more",22,blank = missing/unavailable,ACE-W3-2026-09-21-v1
ACE,3,2026-09-21,ace_demo_26a,23,I don't know,DON_T_KNOW,Don't know,23,blank = missing/unavailable,ACE-W3-2026-09-21-v1
ACE,3,2026-09-21,ace_demo_informant_15,1,"Under $1,000",UNDER_1_000,"Under $1,000",1,blank = missing/unavailable,ACE-W3-2026-09-21-v1
ACE,3,2026-09-21,ace_demo_informant_15,2,"$1,000 to $2,999",1_000_TO_2_999,"$1,000 to $2,999",2,blank = missing/unavailable,ACE-W3-2026-09-21-v1
ACE,3,2026-09-21,ace_demo_informant_15,3,"$3,000 to $3,999",3_000_TO_3_999,"$3,000 to $3,999",3,blank = missing/unavailable,ACE-W3-2026-09-21-v1
ACE,3,2026-09-21,ace_demo_informant_15,4,"$4,000 to $4,999",4_000_TO_4_999,"$4,000 to $4,999",4,blank = missing/unavailable,ACE-W3-2026-09-21-v1
ACE,3,2026-09-21,ace_demo_informant_15,5,"$5,000 to $5,999",5_000_TO_5_999,"$5,000 to $5,999",5,blank = missing/unavailable,ACE-W3-2026-09-21-v1
ACE,3,2026-09-21,ace_demo_informant_15,6,"$6,000 to $6,999",6_000_TO_6_999,"$6,000 to $6,999",6,blank = missing/unavailable,ACE-W3-2026-09-21-v1
ACE,3,2026-09-21,ace_demo_informant_15,7,"$7,000 to $7,999",7_000_TO_7_999,"$7,000 to $7,999",7,blank = missing/unavailable,ACE-W3-2026-09-21-v1
ACE,3,2026-09-21,ace_demo_informant_15,8,"$8,000 to $8,999",8_000_TO_8_999,"$8,000 to $8,999",8,blank = missing/unavailable,ACE-W3-2026-09-21-v1
ACE,3,2026-09-21,ace_demo_informant_15,9,"$9,000 to $9,999",9_000_TO_9_999,"$9,000 to $9,999",9,blank = missing/unavailable,ACE-W3-2026-09-21-v1
ACE,3,2026-09-21,ace_demo_informant_15,10,"$10,000 to $12,499",10_000_TO_12_499,"$10,000 to $12,499",10,blank = missing/unavailable,ACE-W3-2026-09-21-v1
ACE,3,2026-09-21,ace_demo_informant_15,11,"$12,500 to $14,999",12_500_TO_14_999,"$12,500 to $14,999",11,blank = missing/unavailable,ACE-W3-2026-09-21-v1
ACE,3,2026-09-21,ace_demo_informant_15,12,"$15,000 to $17,499",15_000_TO_17_499,"$15,000 to $17,499",12,blank = missing/unavailable,ACE-W3-2026-09-21-v1
ACE,3,2026-09-21,ace_demo_informant_15,13,"$17,500 to $19,999",17_500_TO_19_999,"$17,500 to $19,999",13,blank = missing/unavailable,ACE-W3-2026-09-21-v1
ACE,3,2026-09-21,ace_demo_informant_15,14,"$20,000 to $24,999",20_000_TO_24_999,"$20,000 to $24,999",14,blank = missing/unavailable,ACE-W3-2026-09-21-v1
ACE,3,2026-09-21,ace_demo_informant_15,15,"$25,000 to $49,999",25_000_TO_49_999,"$25,000 to $49,999",15,blank = missing/unavailable,ACE-W3-2026-09-21-v1
ACE,3,2026-09-21,ace_demo_informant_15,16,"$50,000 to $74,999",50_000_TO_74_999,"$50,000 to $74,999",16,blank = missing/unavailable,ACE-W3-2026-09-21-v1
ACE,3,2026-09-21,ace_demo_informant_15,17,"$74,999 to $99,999",74_999_TO_99_999,"$74,999 to $99,999",17,blank = missing/unavailable,ACE-W3-2026-09-21-v1
ACE,3,2026-09-21,ace_demo_informant_15,18,"$100,000 to $149,999",100_000_TO_149_999,"$100,000 to $149,999",18,blank = missing/unavailable,ACE-W3-2026-09-21-v1
ACE,3,2026-09-21,ace_demo_informant_15,19,"$150,000 to $249,999",150_000_TO_249_999,"$150,000 to $249,999",19,blank = missing/unavailable,ACE-W3-2026-09-21-v1
ACE,3,2026-09-21,ace_demo_informant_15,20,"$250,000 to $499,999",250_000_TO_499_999,"$250,000 to $499,999",20,blank = missing/unavailable,ACE-W3-2026-09-21-v1
ACE,3,2026-09-21,ace_demo_informant_15,21,"$500,000 to $999,999",500_000_TO_999_999,"$500,000 to $999,999",21,blank = missing/unavailable,ACE-W3-2026-09-21-v1
ACE,3,2026-09-21,ace_demo_informant_15,22,"$1,000,000 or more",1_000_000_OR_MORE,"$1,000,000 or more",22,blank = missing/unavailable,ACE-W3-2026-09-21-v1
